Product Name,Price,Image URL
Mens pique fabric custom polo shirt design mens designer polo shirts customized logo for men polo t-shirts,$2.59,https://s.alicdn.com/@sc04/kf/H8b7a24f569294d3b849007b6c9b7364ce.jpg_250x250xz.jpg
Newborn Baby Girls My First Christmas Letter Romper+Reindeer Sequin Pant+Hat Toddler Kids 3pcs Christmas Outfits Clothes Set,$4.30,https://s.alicdn.com/@sc04/kf/H4ebb2e2da8d44f5daa9173991d031a56Z.jpg_250x250xz.jpg
2.1 wholesale 5pcs / bag new fashion style 100% cotton baby harem long pants,$0.97,https://s.alicdn.com/@sc04/kf/H68ac71ddc8e841dda399a8a92ef51ceeA.jpg_250x250xz.jpg
Gold Wax Print Fabric High Quality 6 Yard African Gold Wax Print Sewing Women Dress 100 Per Cent Cotton Material,$4.00,https://s.alicdn.com/@sc04/kf/H1c8f369d3f1a493886e3c527b3453f06D.jpg_250x250xz.jpg
OEM Custom High Quality Ring Spun 100% Cotton Pre-shrunk Crew Neck t shirts 3D Embossed Logo Brand Short Sleeves Man T-shirts,$2.00,https://s.alicdn.com/@sc04/kf/Hb0878f1f43ad41fa8f9b679f58c92bceE.jpg_250x250xz.jpg
China Supply 3 Pieces Packing High Quality Low Price 100% Cotton Baby Jumpsuit Newborn,$2.20,https://s.alicdn.com/@sc04/kf/H09854136b53745e38e8f4c777dcd009dg.jpg_250x250xz.jpg
DiZNEW Kancan Flare True Religion Stacked 100% Cotton Jeans Apple Bottom Jeans Tiktok Flannel Lined  Lee Jeans For Men,$8.95,https://s.alicdn.com/@sc04/kf/H55526dac2bd84a2b9d47345343cfab153.jpg_250x250xz.jpg
Y108095 M-5xl Summer Men's Shorts Pant Active Athletic Cotton Shorts Quick Dry Training Short Pants Solid Men's cotton Shorts,$0.94,https://s.alicdn.com/@sc04/kf/H7da5fb4991034074916c81b329abd0e3n.jpg_250x250xz.jpg
Size 100-160 Hot selling 100% cotton oem service pyjamas kids pajamas 2 pcs girl kids pajamas sets,$3.70,https://s.alicdn.com/@sc04/kf/H7c3b2c53ce92415bb8a11ec0f4c04c4c8.jpg_250x250xz.jpg
Factory direct sale fashionable boy pants cheap baby boys short trousers,$3.17,https://s.alicdn.com/@sc04/kf/H28614df22b144ae89ee8d4d20266d89cn.jpg_250x250xz.jpg
Seamless Womens Back Closure Polyester Push Up Bra Flower Patterns Lace Briefs Bra Set High Quality Lingerie Set,$1.61,https://s.alicdn.com/@sc04/kf/Hf938586e739a41e3aeea8dc6939b87964.jpg_250x250xz.jpg
Custom Print Polyester Mens Full Gold Foil Printed Slim Fit Shirt Long Sleeve button shirts,$3.99,https://s.alicdn.com/@sc04/kf/Ha56a5d4b1ba74ad4a2daddaf08e74982E.jpg_250x250xz.jpg
Jancember TZ12 Fasion Superior Quality Gentlemen Custom Classic Wedding Men's Suits,$17.42,https://s.alicdn.com/@sc04/kf/H48c4bb5b6da54bd1a30d9f5c5c3bd5f3F.jpg_250x250xz.jpg
Redkite Hot Selling Soft 100% Cotton Boutique Newborn Clothes Baby Romper,$4.92,https://s.alicdn.com/@sc04/kf/HTB1vIwUKSrqK1RjSZK9q6xyypXaE.jpg_250x250xz.jpg
Spot customization spring fall men clothes sweater matching set man's sports loose t shirt top teens pants two piece men's sets,$10.45,https://s.alicdn.com/@sc04/kf/Hc39ea6e98e03422bbd291be1ae578367I.jpg_250x250xz.jpg
Latest Fashion Women Ladies Clothes Hole Button Mini Jeans Skirts for Summer,$5.40,https://s.alicdn.com/@sc04/kf/H2d3e30d700d34566981d9961adae9f07K.jpg_250x250xz.jpg
Wholesale children clothing singlet summer vest for kids baby boys' plain white ribbed tank tops sleeveless T-shirt,$0.40,https://s.alicdn.com/@sc04/kf/Hd35c4748cd074fc6bd9764dc95163d01n.jpg_250x250xz.jpg
football training shirt custom football jersey kit soccer tracksuit gear sport wear sublimated soccer uniform,$2.99,https://s.alicdn.com/@sc04/kf/H4a29f9210f294da3bf2a465e988464c0K.jpg_250x250xz.jpg
Factory 40/2 5000yds 120 TKT Spun 100% Polyester Sewing Thread MH Brand for Sewing Machine,$0.45,https://s.alicdn.com/@sc04/kf/H1d72c53191974089b914aa9154a9ea18g.jpg_250x250xz.jpg
Factory Directly Woven Fusible Interlining Canvas Waist hat Interlining Fabric,$0.34,https://s.alicdn.com/@sc04/kf/Habd815b4093a4c61aec473b868ad966bQ.jpg_250x250xz.jpg
Factory directwig sew in needles Top quality  For Domestic Machine,$0.18,https://s.alicdn.com/@sc04/kf/Hc1a454b4934e446bad649b9bebc15eb7W.jpg_250x250xz.jpg
Embossed PVC Patch for Bags & Clothes Custom Soft PVC Rubber 3D Garment Labels Heat Transfer Silicone Tag Wholesale,$0.26,https://s.alicdn.com/@sc04/kf/Ha42743fc34504471b4ac720168db7ac2d.jpg_250x250xz.jpg
U. S In Bales Used Tshirt Second Hand Clothing Over Size Use Clothes For Men Bundle,$0.22,https://s.alicdn.com/@sc04/kf/H32608f89de3d46f69c1b13993b8641ceQ.jpg_250x250xz.jpg
Custom Cartoon Character Navy Rilakkuma Cute Bear Mascot Costume  Animal Halloween Party Mascot Suit  Fancy Dress,$48.00,https://s.alicdn.com/@sc04/kf/Hace4726412e94242b389031d83f4fa1az.jpg_250x250xz.jpg
Wholesale Cheap Promotional Short Sleeve 220gsm Cotton Custom Collar Polo Shirt Women,$1.98,https://s.alicdn.com/@sc04/kf/H857afc4bac894094989c745f6f4c6d2eV.jpg_250x250xz.jpg
WW011 Floor Length Slim Backless Prom Sequins Evening Dresses Gown Strappy Padded Stretch Wedding Party Dress Evening Gown,$8.74,https://s.alicdn.com/@sc04/kf/H2a0e0193fee34d15804623b02da33dacW.jpg_250x250xz.jpg
Men's Tracksuit Sportswear Sets Spring Autumn Casual Tracksuits Men 2 Piece Zipper Sweatshirt + Sweatpants Brand Track Suit Set,$8.20,https://s.alicdn.com/@sc04/kf/H37b0729112ff46a48aee785b7e33bc52w.jpg_250x250xz.jpg
Men's Outdoor Tactical Camouflage ACU Uniform Set Rib-stop Fabric Working Uniform Suits for Hunting Shooting Climbing Exploring,$11.00,https://s.alicdn.com/@sc04/kf/H9d46900afc0d4ce68256bec0c68fa6f81.jpg_250x250xz.jpg
Custom logo knit two piece set women clothing jogger with pockets and crop top vest set,$13.80,https://s.alicdn.com/@sc04/kf/H5357533a30f24b9f84a8b69164f89d4eg.jpg_250x250xz.jpg
fall winter fashion jacket coat men's clothing new slim solid color cargo pocket shirts pants mens fashion two piece sets,$12.57,https://s.alicdn.com/@sc04/kf/Hd15918746c1a4817ada23069d145efacd.jpg_250x250xz.jpg
Zip Up Waist Training Plus Size XXXXXXL Women Neoprene Waist Trainer Corset weight strainer Instant Waist Slimmer Shaper,$0.90,https://s.alicdn.com/@sc04/kf/Hd55dd60a86254250ad3880a1ce51e681z.jpg_250x250xz.jpg
Factory Custom Embroidery Patch Computer Woven Embroidered Badge For T-shirts Hoodies round square badge,$0.09,https://s.alicdn.com/@sc04/kf/HTB1ofviaIrrK1RjSspaq6AREXXa0.jpg_250x250xz.jpg
Luxury Recycled Garment Paper Labels Embossed Custom Printing Hang Tags Special Cardboard Clothing Hangtags For Clothes Own Logo,$0.03,https://s.alicdn.com/@sc04/kf/H09f1ab127f834f868415db341927861bi.jpg_250x250xz.jpg
Down Coat Men's Bright Face Trend Hooded Short Thick Winter Bomber Shiny Puffer Men's Jacket,$16.99,https://s.alicdn.com/@sc04/kf/Hc464c682565f4cc78a5214f8f645d4dft.jpg_250x250xz.jpg
Wholesale 24-25 New Season Top In Stock Customized Top Grade Thailand Quality Soccer Jersey With Cheap Price,$3.97,https://s.alicdn.com/@sc04/kf/H58e2708dd57f4abc96129410d05459adt.jpg_250x250xz.jpg
HOT SALE Wholesale Shaper colombianas Seamless Shapewear High Waist Slimming Tummy Control Full Body Shaper Shapewear for women,$2.95,https://s.alicdn.com/@sc04/kf/H48c878a8430f4f7698e2b417c81ef88bf.jpg_250x250xz.jpg
9005 kuwii Autumn New Design Muslim Embroidered Men's Robe thobe men muslim islamic clothing men abaya islamic clothing,$4.30,https://s.alicdn.com/@sc04/kf/H1511d82b47d249c5bf2680c547223379d.png_250x250xz.jpg
High Quality Women's Yoga Active Wear Set Active Wear Running Walking And Comfortable Active Wear Yoga Set,$3.80,https://s.alicdn.com/@sc04/kf/H81d9deccbf2142bbb5c1ad0fe98c098dT.jpg_250x250xz.jpg
U. S In Bales Used Tshirt Second Hand Clothing Over Size Use Clothes For Men Bundle,$0.22,https://s.alicdn.com/@sc04/kf/H32608f89de3d46f69c1b13993b8641ceQ.jpg_250x250xz.jpg
Short Sleeve High Quality Blank Custom Tshirt 100% Cotton Custom Screen Printing T-shirt For Men T Shirt,$2.34,https://s.alicdn.com/@sc04/kf/Hb5c99e4ce85d423eb34a3e9716a62004u.jpg_250x250xz.jpg
DiZNEW Men Jeans High Quality Designer Jeans Trousers Men 2020 Casual Black And Grey Patchwork Vintage Wash Custom Jeans,$8.95,https://s.alicdn.com/@sc04/kf/H9e6513285a9b41eaa882832d4c817229k.jpg_250x250xz.jpg
Designer shirts for men 2020 wrinkle free french cuff long sleeve shirts office,$4.90,https://s.alicdn.com/@sc04/kf/Ha6b8e2298d9845918f8ecb9c3c60b3376.jpg_250x250xz.jpg
HEXIN Custom Seamless Seamless Full Body Shaper Butt Lifter Ladies Body Shaper Plus Size Women Wholesale Shapewear Bodysuit,$6.32,https://s.alicdn.com/@sc04/kf/Hd4feb437f3fa4d9ebc53a5727d5d2332L.jpg_250x250xz.jpg
2022 New Fashion Women Solid Color Beach shorts Custom Elastic High Waist Wide Leg Trousers Loose Casual Women Pockets Shorts,$1.33,https://s.alicdn.com/@sc04/kf/H414b49226d92404199a266b6eea4f608f.jpg_250x250xz.jpg
High quality Luxury Trench Coat Spring New Fashion Double Breasted Trench Coat Women,$21.50,https://s.alicdn.com/@sc04/kf/H00389ec23d56488a95133e47665d8536Z.jpg_250x250xz.jpg
Luxury Recycled Garment Paper Labels Embossed Custom Printing Hang Tags Special Cardboard Clothing Hangtags For Clothes Own Logo,$0.03,https://s.alicdn.com/@sc04/kf/H09f1ab127f834f868415db341927861bi.jpg_250x250xz.jpg
Latest Fashion Women Ladies Clothes Hole Button Mini Jeans Skirts for Summer,$5.40,https://s.alicdn.com/@sc04/kf/H2d3e30d700d34566981d9961adae9f07K.jpg_250x250xz.jpg
Autumn Winter Women Cardigan Warm Knitted Sweater Jacket Pocket Embroidery Fashion Knit Cardigans Coat  plus size  Sweaters,$13.00,https://s.alicdn.com/@sc04/kf/H655f8ce3bcab452592741659c948d529j.jpeg_250x250xz.jpg
Wholesale Clothing Store Half Body Mannequin Female Torso Adjustable Maniquies For Clothes Display,$39.00,https://s.alicdn.com/@sc04/kf/H269152771e894e57bad33649004f42fcH.jpg_250x250xz.jpg
New fall fashion multi-button decoration solid color men suits casual stand-collar blazer men suit,$11.00,https://s.alicdn.com/@sc04/kf/Hdc6d37e443a641069ad4a6b688b12678K.jpg_250x250xz.jpg
Women's Custom Cotton Cashmere Loungewear Ribbed Knitted 2 Two Piece Set Knit Hoodie Sweater Pant Suit For Women,$8.00,https://s.alicdn.com/@sc04/kf/He099c434c86a41028c603431042fb39b2.jpg_250x250xz.jpg
HEXIN Seamless One piece Shapewear Tummy Trimmer Butt Lifter Plus Size Body Shapers For Women,$9.78,https://s.alicdn.com/@sc04/kf/Hd8f73a38cebe4c509c18d6ac0795cf1cq.jpg_250x250xz.jpg
Fashion Shining Long Sleeve Ball Gown Wedding Dress Backless Sequin Wedding Dress,$820.00,https://s.alicdn.com/@sc04/kf/H47d4b7d9c1ca460badf7dd52ea620a4c5.jpg_250x250xz.jpg
OEM Tie Dyed Peach Butt Gym Wear Yoga Leggings For Women,$0.80,https://s.alicdn.com/@sc04/kf/H655e342420e64d47922f1b81ca7271aeM.jpg_250x250xz.jpg
HISSEN Womens Vintage Bulk Women Underwear B Cotton Dress Clothings-Uk Clothes Used,$0.20,https://s.alicdn.com/@sc04/kf/H9ceedcb16fef4a0ab1798ef7ac30ebc7q.jpg_250x250xz.jpg
Custom Vintage 100% Cotton running basketball sports Men Sweat 3D Screen Foam Puff Print Mesh Shorts,$6.80,https://s.alicdn.com/@sc04/kf/Hc44b1a3779694abea093097f59431f7dY.jpg_250x250xz.jpg
H & D Customized African Men White Bazin Clothing Suit Shirt and Pants Set Tops Embroidered Agbada for Wedding,$24.38,https://s.alicdn.com/@sc04/kf/Hc72f92e5410343e1904c83cd31e6d624N.jpg_250x250xz.jpg
NB Socks Middle-tube pure cotton sweat absorbent comfort badge basketball socks men's sports socks,$0.10,https://s.alicdn.com/@sc04/kf/H4572532e4b0b4bee8487fb9a29bf33f4b.jpg_250x250xz.jpg
wholesale custom Hot sale high quality easy to install plating zipper sliders aluminum alloy zipper zip sliders,$0.09,https://s.alicdn.com/@sc04/kf/H481d3b1c1afc478088b0064bed8a9477v.jpg_250x250xz.jpg
Hot sale professional women's fashion solid color asymmetrical one-piece jumpsuits,$7.20,https://s.alicdn.com/@sc04/kf/Hfb2d373f923946d9b65128b388c7b066f.jpg_250x250xz.jpg
DiZNEW OEM Slim Fit Jean Wholesale Mid Waist Fashion Stacked Jeans Man,$9.95,https://s.alicdn.com/@sc04/kf/Ha78aaba3374d4bae84309d3bc85fe2e2a.png_250x250xz.jpg
Customised Logo 2022 Summer Custom Animals  Printed Breathable Women Ankle Socks,$0.10,https://s.alicdn.com/@sc04/kf/Hee3cdca7cb864b86a86d5b4a7ff42384V.jpg_250x250xz.jpg
High quality custom mens vintage wash hand painted casual  carpenter flared denim jeans,$20.00,https://s.alicdn.com/@sc04/kf/H607c7ac37e6645dfb06149fd244416aew.png_250x250xz.jpg
Single Breasted Men's Wear Slim Fit 3 Piece Suits Set For Men Wedding,$10.48,https://s.alicdn.com/@sc04/kf/H9e472a8bbd774963801072a92cbd5e487.jpg_250x250xz.jpg
workwear work clothes overall coverall for men work wear hi vis working uniform construction suit hivis custom electrician,$6.89,https://s.alicdn.com/@sc04/kf/H5591d04df005403cbeea07d4b69769d8w.jpg_250x250xz.jpg
Down Coat Men's Bright Face Trend Hooded Short Thick Winter Bomber Shiny Puffer Men's Jacket,$16.99,https://s.alicdn.com/@sc04/kf/Hc464c682565f4cc78a5214f8f645d4dft.jpg_250x250xz.jpg
Custom LOGO 2 in 1 Summer Breathable Lining Sports Workout Gym Men's Shorts,$5.99,https://s.alicdn.com/@sc04/kf/H563c2442ddeb48f6aa13f7aa48491530b.jpg_250x250xz.jpg
Soccer Jersey Sets Sublimation Soccer Wear Practice Football Shirts Custom Football Sportswear Team men soccer uniform,$3.58,https://s.alicdn.com/@sc04/kf/H4315540a04f24323b576d9a503522cb8U.jpg_250x250xz.jpg
Custom Print Polyester Mens Full Gold Foil Printed Slim Fit Shirt Long Sleeve button shirts,$3.99,https://s.alicdn.com/@sc04/kf/Ha56a5d4b1ba74ad4a2daddaf08e74982E.jpg_250x250xz.jpg
"Mens cuffed stadium pants, rugby training bottoms",$9.50,https://s.alicdn.com/@sc04/kf/H50c7ec85703c4fe4a6821bbe19fea6cdA.jpg_250x250xz.jpg
OEM custom oversized sports shell padded bubble quilted down puffer jacket for men,$69.90,https://s.alicdn.com/@sc04/kf/Hace13054d0a34c9eb84a1f462ff5b302r.jpg_250x250xz.jpg
Wholesale Fashion Trendy Design Hot Selling 100% Full Inspection Touch Feeling Hi Low Maxi Skirt Factory China,$13.00,https://s.alicdn.com/@sc04/kf/Hfe53f473e5a44c01afd79c1ee5a2e4f9p.jpg_250x250xz.jpg
High Quality 100%Polyester American Rugby Uniform Custom Design Sublimation American Football Jersey,$7.00,https://s.alicdn.com/@sc04/kf/H46ddc7dd7730400f8d3d125702331ca9x.jpg_250x250xz.jpg
Fluorescent Green Cycling Jersey sets red Bicycle Short Sleeve Cycling Clothing Bike maillot Cycling Jersey Bib shorts for Men,$5.00,https://s.alicdn.com/@sc04/kf/He22bcfa737da4395af827697439dc853t.jpg_250x250xz.jpg
Custom style luxury men's trench coat Winter OEM long sleeve button coat men's coat,$20.80,https://s.alicdn.com/@sc04/kf/H99f033bc8b88447e99820e6d0b7d3e4aK.jpg_250x250xz.jpg
Custom logo Vintage Plain Streetwear Design Utility Half Pants Bermudas Nylon Gym Cargo Pants shorts for Men,$5.20,https://s.alicdn.com/@sc04/kf/H44c933416ddb44a08331368309808741K.jpg_250x250xz.jpg
Top Hit Rates Product High Quality Wholesale Red Knitted Crew Neck Winter Sweater Women,$3.80,https://s.alicdn.com/@sc04/kf/H0280c0b2f5e540509afdb3ca975f81a84.jpg_250x250xz.jpg
Customized 100% Polyester Mens Sports Wear fitted tracksuit Mens Fitness Gym Tracksuit training jacket,$28.00,https://s.alicdn.com/@sc04/kf/H89505801638c4f9eb6b798943bcee2e1U.png_250x250xz.jpg
Men  Medium Thickness Cowboy Kitchen Adjustable Sleeves Chef Coat uniforms,$9.90,https://s.alicdn.com/@sc04/kf/H0e8f7df5e35a4f14950af789a7285244P.jpg_250x250xz.jpg
Free sample breathable rowing suits personalize rowing suits for men,$25.00,https://s.alicdn.com/@sc04/kf/Hc79cb43ea12042f2a81a688e8968daf3b.jpg_250x250xz.jpg
HEXIN Wholesale Power Compression Slimming Hooks Full Body Shaper Butt Lifter Shapewear Shaper Colombianas Shapewear,$17.42,https://s.alicdn.com/@sc04/kf/H0196b0e43aea4c75af9a5ce499ab66faA.jpg_250x250xz.jpg
MOTIVE FORCE Islamic Modest Women Sports Gym Long Hoodie Activewear Top For Jogging Training Muslim Lady Sport wear,$7.99,https://s.alicdn.com/@sc04/kf/H65bada580d054acd9a55e02566c76552d.jpg_250x250xz.jpg
High Quality Silicone Bra Insert Pads Push Up Breast Pads Washable Sponge Bra Breast Nipple Cover Pads,$0.60,https://s.alicdn.com/@sc04/kf/H2f6d1593ccc943939362a05a2737ff5bM.jpg_250x250xz.jpg
customized suit Doctoral Graduation Gown/PHD Gown/doctoral robe  plus size graduation gown,$48.99,https://s.alicdn.com/@sc04/kf/H790666d4bc3846a8a370cf9c996f87ddP.jpg_250x250xz.jpg
Custom Made Cotton Polyester Double-Breasted Hotel House Maid Staff Cleaning Housekeeping Uniform Dress,$10.50,https://s.alicdn.com/@sc04/kf/H3497eaed0bac4c87867c03a8253a891aj.jpg_250x250xz.jpg
Football jersey new model top quality custom soccer uniform wholesale jersey sets,$5.00,https://s.alicdn.com/@sc04/kf/HTB1WXcdbPbguuRkHFrdq6z.LFXaV.jpg_250x250xz.jpg
OEM Wholesale Short Sleeve Security Guard Polo Shirts Uniform First Class Two Tone Security Bike Patrol Shirt with Reflec,$6.50,https://s.alicdn.com/@sc04/kf/Hcc5a603eaf7246da91cf4e009723bf8cB.png_250x250xz.jpg
"Arabic Pants, TC FABRIC PANTS",$1.50,https://s.alicdn.com/@sc04/kf/H584c4c0755fd49949f3769ee756aae6bQ.jpg_250x250xz.jpg
Luxury Muslim High neck Embroidered Beading Long Sleeves Satin A- Line Sweep Train Wedding Dress,$390.00,https://s.alicdn.com/@sc04/kf/Hf3c9ea2158754905a669a943c83e5069v.jpg_250x250xz.jpg
ZYHT 5528 New Style High Waist Ladies Pencil PU Skirt Chic Midi Bodycon Long Leather Skirts For Women,$14.00,https://s.alicdn.com/@sc04/kf/H84ff954e89f74b99a6628de2d2085bf2R.jpg_250x250xz.jpg
Spring and autumn new plaid lapel high waist printing pleated skirt waist professional dress women,$12.66,https://s.alicdn.com/@sc04/kf/H4634369620a143fcbbcbef26f0eca80fm.jpg_250x250xz.jpg
Recycled An-UV  Lovely One-Piece Long Sleeve Floral Print RashGuard For Gilr,$8.00,https://s.alicdn.com/@sc04/kf/H874b31dca42d491ebf3b3896f20ad7bas.jpg_250x250xz.jpg
Wholesale Custom Design Kid Clothing Sets With Sport Hats Solid Color Kids Clothing Sets your logo label and swing tag,$9.39,https://s.alicdn.com/@sc04/kf/H8a2d679a4943478bad5df61c0a15d9b5J.jpg_250x250xz.jpg
tight athletic tshirts men running sportswear compression gym fitness short sleeve t shirt,$5.10,https://s.alicdn.com/@sc04/kf/H1e20427c776749f3b9afa45241f73c66U.jpg_250x250xz.jpg
OEM custom leather sleeve chain chenille embroidery bomber flight baseball vintage letterman varsity jacket for men,$28.50,https://s.alicdn.com/@sc04/kf/H19054b241028459b8aab8ea9b8ecbea4Z.jpg_250x250xz.jpg
MOTIVE FORCE Islamic Swimwear Over Sized Swimsuit OEM/ODM Service Available modest swimwear Muslim swimwear,$7.20,https://s.alicdn.com/@sc04/kf/Hdc8bc03325564c48a3ac5476bc4bf2abz.jpg_250x250xz.jpg
High Quality Fashionable Custom Winter Black Airport Hotel Work Wear Royal Security Guard Uniforms for Men,$8.98,https://s.alicdn.com/@sc04/kf/H1e7082a9607c4fa38e9f13c46def593ev.jpg_250x250xz.jpg
Luminous men's suit light up jacket led suit for mens stage costume,$199.00,https://s.alicdn.com/@sc04/kf/HTB1xe_SB5CYBuNkSnaVq6AMsVXac.jpg_250x250xz.jpg
Bling thick material imitate two pieces ladies suits,$16.50,https://s.alicdn.com/@sc04/kf/H2b5da07e54fc424abf2138f9fc131cdec.jpg_250x250xz.jpg
Women Sweater Vest Crocheted Sweater Sleeveless Ladies V-neck Pullover Tops Women Short Loose Spring Autumn,$2.52,https://s.alicdn.com/@sc04/kf/Hd9627c4e7e594bfda303059bfa6d7f45h.jpg_250x250xz.jpg
2pcs Seamless Women Yoga Set Workout Sportswear Gym Clothing Fitness High Waist Leggings Long Sleeve Crop Top Sports Suits,$4.98,https://s.alicdn.com/@sc04/kf/H89b4e3a427004d58b3f54951cc4f8c880.jpg_250x250xz.jpg
Garment accessories custom cord stops rope end metal stopper cord end cap metal cord end for swimwear,$0.05,https://s.alicdn.com/@sc04/kf/H1116b75c3d6e4283b8fe3f6d95a1069dA.jpg_250x250xz.jpg
Custom logo design summer fashion beachwear pareo floral printed beach lavalava hawaiian sarong for men,$4.00,https://s.alicdn.com/@sc04/kf/Hae7e9e4c13d240b7aaab29c66e69ca329.png_250x250xz.jpg
Factory 40/2 5000yds 120 TKT Spun 100% Polyester Sewing Thread MH Brand for Sewing Machine,$0.45,https://s.alicdn.com/@sc04/kf/H1d72c53191974089b914aa9154a9ea18g.jpg_250x250xz.jpg
Big Girls White Nylon Half Slip,$1.00,https://s.alicdn.com/@sc04/kf/H005ed894f5aa46b786693d069aa9aa59B.jpg_250x250xz.jpg
Custom Embroidered Women's Sweatshirts Puff Print Plain Crew Neck Embossed Cotton Jumper Oversized CrewNeck Sweatshirt Women,$4.90,https://s.alicdn.com/@sc04/kf/H2a971ce2d1b548baad8d48760aafe04ab.jpg_250x250xz.jpg
Men's Multi Pockets Cotton Cargoes Casual Vest Waistcoat For climbing fishing Hiking Journalist Photography Camping Vest,$5.90,https://s.alicdn.com/@sc04/kf/HTB19K0bXtfvK1RjSszhq6AcGFXa3.jpg_250x250xz.jpg
Men blazer suit Printed Slim Stand Collar Casual  mens suit Thin Jacket Youth costumes men's suits,$10.57,https://s.alicdn.com/@sc04/kf/H64fb3757a8ad4102bdc71526271beba01.jpg_250x250xz.jpg
Colored Polyester Braided Cord Custom 5 mm Round Polyester Drawstring Cord,$0.15,https://s.alicdn.com/@sc04/kf/H134c104ccbee41e7bb9cfbd3848a6648V.jpg_250x250xz.jpg
Islamic Clothing Muslim Prayer Islamic Robe Boubou Jubbah IKAF Muslim Men Abaya Thobe / Thawb,$6.00,https://s.alicdn.com/@sc04/kf/Hcf13c483046141ddafc7244d9897e0796.png_250x250xz.jpg
Short Sleeve High Quality Blank Custom Tshirt 100% Cotton Custom Screen Printing T-shirt For Men T Shirt,$2.34,https://s.alicdn.com/@sc04/kf/Hb5c99e4ce85d423eb34a3e9716a62004u.jpg_250x250xz.jpg
Vendor Fall Crop Track Suit Mens Tech Men Tracksuit Set Custom Logo Jogging Sportswear,$9.99,https://s.alicdn.com/@sc04/kf/Hee396901af4f457685ad464095311b1a2.jpg_250x250xz.jpg
Customised Logo 2022 Summer Custom Animals  Printed Breathable Women Ankle Socks,$0.10,https://s.alicdn.com/@sc04/kf/Hee3cdca7cb864b86a86d5b4a7ff42384V.jpg_250x250xz.jpg
New Fashion Custom 2 Piece Set Men Cropped Hoodie Flared Pants Two Piece Hoodie And Sweatpants Set,$21.99,https://s.alicdn.com/@sc04/kf/H7b54a6340235498c9da56c5f24c9ea4ay.jpg_250x250xz.jpg
Mens Fashion Cardigan Sweater Casual Long Sleeve V Neck Knit Sweater For Winter 2021 Solid Men Designer Sweater Clothing,$7.00,https://s.alicdn.com/@sc04/kf/Ha5261f83f1d84c09aa7453c5669aaca2F.jpg_250x250xz.jpg
HISSEN Womens Vintage Bulk Women Underwear B Cotton Dress Clothings-Uk Clothes Used,$0.20,https://s.alicdn.com/@sc04/kf/H9ceedcb16fef4a0ab1798ef7ac30ebc7q.jpg_250x250xz.jpg
Band logo clothing patch tag garment embossed jeans accessories custom bag hat Shoe scarves metal label tag for scarf,$0.02,https://s.alicdn.com/@sc04/kf/H2cff2cc2ec21474d9ffa434e7e583b2ay.jpg_250x250xz.jpg
Custom logo  stretchable skin feeling rayon basic turtle neck sleeveless women workout bodycon onesie lingerie bodysuits,$6.75,https://s.alicdn.com/@sc04/kf/Ha148592b375d4680b427f242471be006i.jpg_250x250xz.jpg
workwear work clothes overall coverall for men work wear hi vis working uniform construction suit hivis custom electrician,$6.89,https://s.alicdn.com/@sc04/kf/H5591d04df005403cbeea07d4b69769d8w.jpg_250x250xz.jpg
men's o-neck t-shirts two piece pants sets summer fashion casual suit men t shirts,$5.57,https://s.alicdn.com/@sc04/kf/H8dd471ecf1e0479bac99e79b786d3d20I.jpg_250x250xz.jpg
Space Lola Bunny Rabbit Cosplay Costume Rabbit Bunny Jam Costumes Women Girls Halloween Party Clothes Tops Shorts Outfit Set,$6.85,https://s.alicdn.com/@sc04/kf/H39a74cdc2646415282cc2ca33bc8292ak.jpg_250x250xz.jpg
Wholesale 2021 Fall New Lazy Style V-neck Single-breasted Knitted Sweater Jacket and Tie Waist Houndstooth Vest Dress Sets,$22.30,https://s.alicdn.com/@sc04/kf/H61b1267d2e104ecb8112aec9dc21d886S.jpg_250x250xz.jpg
YITE  Custom Esport Gaming Jersey New Design Men Esports Jersey Team,$3.55,https://s.alicdn.com/@sc04/kf/H0aea9406fd2a402bb140760f210ce22do.jpg_250x250xz.jpg
Fashion Autumn Jacket Long Trench Coat Men's High Quality Self-cultivation Solid Color Men's Coat Double-breasted Jacket,$7.94,https://s.alicdn.com/@sc04/kf/Ha37eabb8030949159627afd1b8f1fc61g.jpg_250x250xz.jpg
Wholesale Korean Version of 2021 Autumn Tube Top Long Sleeve Shirt Female Elegant Temperament Blouse Temperament Two-piece Suit,$13.40,https://s.alicdn.com/@sc04/kf/H4946eb74cec2499491b0f43ddd6afb75h.jpg_250x250xz.jpg
wholesale customize sport wear rugby jersey tracksuit full sublimation set or cut&sew digital printing rugby kit,$7.99,https://s.alicdn.com/@sc04/kf/H5dc9aaa720fe4951818c8e8eb88c71ff5.jpg_250x250xz.jpg
Factory Directly Woven Fusible Interlining Canvas Waist hat Interlining Fabric,$0.34,https://s.alicdn.com/@sc04/kf/Habd815b4093a4c61aec473b868ad966bQ.jpg_250x250xz.jpg
Factory Custom Embroidery Patch Computer Woven Embroidered Badge For T-shirts Hoodies round square badge,$0.09,https://s.alicdn.com/@sc04/kf/HTB1ofviaIrrK1RjSspaq6AREXXa0.jpg_250x250xz.jpg
quality wholesale Plus Size Deep V Lace Design adjustable Breathable Gather Push Up fancy bra for women,$2.99,https://s.alicdn.com/@sc04/kf/HTB1eFBMArGYBuNjy0Foq6AiBFXaQ.jpg_250x250xz.jpg
Stockpapa wholesale Men's high quality Denim jeans,$1.88,https://s.alicdn.com/@sc04/kf/Hac0e3c430ba948fe937e51cf178e8fbes.png_250x250xz.jpg
Personalized Rubber No Minimum Clothes Soft Logo Custom 3D PVC Patch,$0.32,https://s.alicdn.com/@sc04/kf/HTB1dN7KX5LrK1Rjy1zdq6ynnpXa1.jpg_250x250xz.jpg
"garment stock lot buyers, qatar style ,Ready goods in factory",$6.70,https://s.alicdn.com/@sc04/kf/H6cea94519cce43b99a53e3bd1b58544a3.jpg_250x250xz.jpg
Flower Embroidery  Collar Chemical Design Neck Lace Applique embroidered collar lace applique for dress,$1.80,https://s.alicdn.com/@sc04/kf/H9dbf7c3366f345dfbd41424e4c408f8aD.jpg_250x250xz.jpg
Hunting clothing mens fleece jacket coat outdoor hunting pullover hoodie wholesale pile jacket,$14.99,https://s.alicdn.com/@sc04/kf/Hfe0f8724cc824151a3c2cd3623813ff1H.jpg_250x250xz.jpg
2021 New high waist leisure running t shirt sports clothes fitness yoga long sleeve top custom ladies workout crop top hoodie,$8.40,https://s.alicdn.com/@sc04/kf/H00e87efcca2642d7abbb0bc8a5bb02360.jpg_250x250xz.jpg
NC 50/50  M65 Field Jacket with Detachable Warm Inner Set #11,$19.00,https://s.alicdn.com/@sc04/kf/Hdab2227b6a6e48cfbd39c43060a9487fR.jpg_250x250xz.jpg
Custom Embroidery Logo Animal Patch Fitted Baseball Caps Camo Gorras Original Trucker Hat Richardson 112 Trucker Hat,$1.78,https://s.alicdn.com/@sc04/kf/H83319d37d4fd4bc1aa93595f70c05badO.jpg_250x250xz.jpg
Ladies Deep V-neck Formal Suit Two Piece Sets Elegant Blazer Set with Belt Women Sets,$30.94,https://s.alicdn.com/@sc04/kf/He41d742d3e8b4c338037fb4eea4d8a6fM.jpg_250x250xz.jpg
Custom Metal Brass Stainless Steel Garment & Shoes Eyelets 5mm 6mm 8mm DIY Usage for Bags Iron Material with Customized Plating,$0.30,https://s.alicdn.com/@sc04/kf/H12b5fb94fa6f42cf8d191aa4e5c82b8ay.jpg_250x250xz.jpg
Wholesale Roll Package 10 Meters Metal Bone Spiral Steel Boning for Corset Shaping,$0.15,https://s.alicdn.com/@sc04/kf/H59a3cef9228b443bb8845de47ffdba36Q.jpg_250x250xz.jpg
New Rhinestone Motif Hot Fix Rhinestones Embellishment Iron on DIY  Patches Sewing Supplies craft,$6.50,https://s.alicdn.com/@sc04/kf/Hf507e1d7f34640f1b98802039270bf20U.jpg_250x250xz.jpg
Custom Church Choir Robes,$35.00,https://s.alicdn.com/@sc04/kf/H701169eabb374a30a2b46541c94338562.jpg_250x250xz.jpg
New Style Bohemian Style Floral Embroidered Linen Cape,$15.00,https://s.alicdn.com/@sc04/kf/H4d2b92a71f734ff7b8e9d81ce1a6b8dfK.jpg_250x250xz.jpg
Polyester Colorful Plain Woven Interlining Fabric for Ladies Dress Couture,$0.37,https://s.alicdn.com/@sc04/kf/Hc538c74ba750435491c97a7c7011dd4es.jpg_250x250xz.jpg
Wholesale Factory Diy Decoration Cord 2mm 3mm 4mm 5mmCotton Macrame Rope,$0.01,https://s.alicdn.com/@sc04/kf/H9b10199c442e4faebfe73086f35202ecf.jpg_250x250xz.jpg
High Quality Custom Down Insulated Hunting Jacket Mens Camo Hunting Jacket,$37.80,https://s.alicdn.com/@sc04/kf/HTB1f7iIdjfguuRjSspkq6xchpXaz.jpg_250x250xz.jpg
Cmax Womens Handmade Beads Sweet Lace Shiny Pearl Sock,$0.54,https://s.alicdn.com/@sc04/kf/H41ed532dd26f41fb83b25d56e8f94b25I.jpg_250x250xz.jpg
Wholesale round shape making custom logo bag metal zipper slider puller for purse / clothes,$0.24,https://s.alicdn.com/@sc04/kf/Hacc769bdc5674209ae8ad350e5b3b8faA.jpg_250x250xz.jpg
1Pair Ice Fabric Running Arm Sleeves UV Protection Breathable Sports Cycling Fitness Men Women arm warmers Sleeves Warmer,$0.88,https://s.alicdn.com/@sc04/kf/Hc7702a09cbb84f51827c2be521dea908E.jpg_250x250xz.jpg
Women's 40 Den Silky Sheer Reinforced T Crotch Pantyhose Tights,$0.60,https://s.alicdn.com/@sc04/kf/He5ca7a232bef4255876bc8b10bab66ecl.png_250x250xz.jpg
Best Quality Factory Custom Pullover Winter Warm Men Designer Sweater Multicoloured Mohair Sweater Fuzzy Jacquard Knit Sweater,$15.90,https://s.alicdn.com/@sc04/kf/H69dd9a0295c246458c32e4c4c0b356e7K.png_250x250xz.jpg
Custom Gorras Top Quality Cap Gorras Para Hombre Originales Snapback Cap Flat Brim American Fitted Hats For Tea,$1.45,https://s.alicdn.com/@sc04/kf/H5ec64984db3b472db6394019ed9921a81.png_250x250xz.jpg
Miyake's New Style Fast Delivery High Quality African Women's Plus Size Pleated Ruffle Dress,$26.00,https://s.alicdn.com/@sc04/kf/Hb955b06fd8d24279b8a3f85d477b57a4t.jpg_250x250xz.jpg
Wholesale Cheap Promotional Short Sleeve 220gsm Cotton Custom Collar Polo Shirt Women,$1.98,https://s.alicdn.com/@sc04/kf/H857afc4bac894094989c745f6f4c6d2eV.jpg_250x250xz.jpg
Spot customization spring fall men clothes sweater matching set man's sports loose t shirt top teens pants two piece men's sets,$10.45,https://s.alicdn.com/@sc04/kf/Hc39ea6e98e03422bbd291be1ae578367I.jpg_250x250xz.jpg
Factory Direct Commercial High Quality Garment Price Label Gun Clothes Tag Tool Price Tagging Gun Labeling Machine For Clothing,$1.55,https://s.alicdn.com/@sc04/kf/H0f959c6ae3d3400694ea9518a76497b7g.jpg_250x250xz.jpg
High Quality Personalized Uniform Fit Advertising Polo T Shirt For Ladies,$0.75,https://s.alicdn.com/@sc04/kf/Hf7b6d617d39e41a8a8751540241bc1862.jpg_250x250xz.jpg
Custom Applique Logo Casual Jogging TrackSuits For Men Streetwear Distressed Patch Patchwork Hoodie And Sweatpants Set,$21.80,https://s.alicdn.com/@sc04/kf/Hb80c55b77e114dd9a3af2fb12d954e6dW.png_250x250xz.jpg
custom Quality  Solid Casual Jacket Men Spring Autumn Outerwear Mandarin Sportswear oversized Mens Jackets for Male Coats,$14.99,https://s.alicdn.com/@sc04/kf/H2f018fbf51b647209a419e3a4ff451a98.jpg_250x250xz.jpg
custom design your own men's volleyball jersey,$8.00,https://s.alicdn.com/@sc04/kf/HTB1n7IpatzvK1RkSnfo762MwVXa1.png_250x250xz.jpg
Wholesale Customize Industrial Construction Uniform Oversize Button Up Short Sleeve Work Shirt For Men,$5.50,https://s.alicdn.com/@sc04/kf/Ha7f3572a41014fe9987988d3a3f82496X.jpg_250x250xz.jpg
Factory Price Custom design embroidery patches iron on embroidered badges for hat and clothing patch,$0.34,https://s.alicdn.com/@sc04/kf/H61568444a18145b5a96971eb58ba1464u.png_250x250xz.jpg
plain color design motocross  t-shirt,$8.00,https://s.alicdn.com/@sc04/kf/Hdf5a16fd96a144499bd9ba434fe69ef5D.jpg_250x250xz.jpg
OEM ODM Primary Children High Kids Kindergarten School Uniforms Navy Blue Pleated Skirts Girls Pinafore Uniforms,$5.86,https://s.alicdn.com/@sc04/kf/Hae9d3417bd3540b4a75d45a30ab46ff76.jpg_250x250xz.jpg
Custom Sports Gym Yoga Wear Work Out Women Zip Fitness Jacket,$12.55,https://s.alicdn.com/@sc04/kf/HTB1zWBbNgTqK1RjSZPhq6xfOFXa6.jpg_250x250xz.jpg
2024 Personalized Custom Embroidered Or Print Logo For Men Pullover Golf Polo T Shirt,$2.98,https://s.alicdn.com/@sc04/kf/Hde164cbb0a544c71812badd845a1b136n.jpg_250x250xz.jpg
Fashion white rompers womens jumpsuit,$7.00,https://s.alicdn.com/@sc04/kf/H01e3170b59274605ac431163f3c463a3R.jpg_250x250xz.jpg
New contrast sewing belted trench coat long pocket belt warm trench coat casual outdoor windproof spring coat,$21.50,https://s.alicdn.com/@sc04/kf/Hc5d46a1ac5ae4ce8bafb72c7f0201269I.jpg_250x250xz.jpg
Factory Price Cotton Molded Shoulder Pads for Men's Garment,$0.36,https://s.alicdn.com/@sc04/kf/H3b6dcb393d0e49688459fda3b61c5d829.jpg_250x250xz.jpg
Long solid color beauty salon technician work clothes Sauna spa work clothes Slim-fit and stylish staff beautician uniforms,$11.29,https://s.alicdn.com/@sc04/kf/H64b56863175f4aa4b00b62ab9fb08a8eD.jpg_250x250xz.jpg
EDGE DENIM Custom jeans manufacturers baggy distress wax flare fit black skinny flame flair jeans man Denim Men's Jeans Pants,$22.68,https://s.alicdn.com/@sc04/kf/H5e48c7fe35634ce385933d4723b85483x.jpg_250x250xz.jpg
The best amount of perforation-resistant outdoor tactics short sleeves,$7.20,https://s.alicdn.com/@sc04/kf/Hd51607d77a8e49a4afaf090fa3f742d1R.jpg_250x250xz.jpg
Gingtto Men Fashion Trend Baggy Jeans Mens Jeans Overall Stylish Pants Streetwear Denim Cargo Jeans Men,$8.50,https://s.alicdn.com/@sc04/kf/Ha188aeec5902421089e0307b9f984edbA.jpg_250x250xz.jpg
Reusable Double Side Fastener Strap Self Gripping Hook Loop Cinch Strap Custom Logo Printed Back to Back Hook and Loop Cable Tie,$0.05,https://s.alicdn.com/@sc04/kf/H09925a1283304f6eb97af0dd867d7230P.jpg_250x250xz.jpg
HEXIN Custom Logo Service 3 Strap Tummy Control Waist Cincher Shaper Womens Waist Support Waist Trainer Women Belt,$15.10,https://s.alicdn.com/@sc04/kf/Hd2095d1cd62a46fb9139cbb255aacf9a8.jpg_250x250xz.jpg
"2023 New Style Colorful laser Sequins,Spangle,Spangle Sequins PVC or PET sequins",$6.00,https://s.alicdn.com/@sc04/kf/H9cbde29d5d6c44938d336412f817be20m.jpg_250x250xz.jpg
Wholesale cheap 100% polyester custom sublimated girls cheer baseball jerseys cheerleader jerseys,$8.50,https://s.alicdn.com/@sc04/kf/Hda163eb7391d4566a88f5565be8ffc19X.jpg_250x250xz.jpg
Edge Denim vendor custom japanese raw denim selvedge jeans carpenter baggy straight fit leg black men jeans top quality,$18.69,https://s.alicdn.com/@sc04/kf/H3d59ad29dc85400cbbb5da11a0621dad4.jpg_250x250xz.jpg
KOLOR-A 60377 legging latex,$1.50,https://s.alicdn.com/@sc04/kf/HTB1zJAnXfvsK1Rjy0Fixh6wtXXab.jpeg_250x250xz.jpg
Wholesale lattice work suits man suit 3 pcs,$50.00,https://s.alicdn.com/@sc04/kf/Hc7550a5690be4d4caab3e64cfd32392dp.jpg_250x250xz.jpg
Available New Turkish Style Print Dress Church Suit Plus Size African Women's Dresses Suit,$17.50,https://s.alicdn.com/@sc04/kf/H9e4b4fc139604a4f84e9477dfffd8054o.jpg_250x250xz.jpg
Custom Logo Lapel Zip Up Nylon Jacket Top And Flared Sweatpants Two Piece Sets Windbreaker Tracksuit for men,$19.80,https://s.alicdn.com/@sc04/kf/H807da07ea81a409c835ddb3257047237N.png_250x250xz.jpg
Winter Retro Mens Sweaters 2021 Casual Men Cardigan Stitching Contrast Color Long Sleeved Slim-Fit Sweater Jacket Outer Wear,$8.00,https://s.alicdn.com/@sc04/kf/Hc6aa164bb0ac4ddeb06597c2b2af5da7t.jpg_250x250xz.jpg
custom basketball sports socks breathable basketball sock custom logo,$0.59,https://s.alicdn.com/@sc04/kf/H3c0d1114f150469f94a7d63b1b9ed8a9a.jpg_250x250xz.jpg
Wholesale Sparse Design Warp Knitted Elastic Polyester Woven Interlining Fabric Fusible Interlining,$0.27,https://s.alicdn.com/@sc04/kf/Hb24a091983cb4989a2a086fa4bf87ef9w.jpg_250x250xz.jpg
Bomblook Q21DS429 202 New Arrival Halter Deep-V Neck Solid Color Midi Dresses Women Elegant Bodycon Evening Dresses Female,$3.70,https://s.alicdn.com/@sc04/kf/H612d588458864ef5943470e8f78ed031N.jpg_250x250xz.jpg
2024 Women Jeans Straight Leg High Waist Blue Washed Cowboy Denim Pants Vintage 90's Streetwear Jeans,$6.81,https://s.alicdn.com/@sc04/kf/H4c397de92eea4aa6839fcfb038402c3aK.jpg_250x250xz.jpg
Clothing blind box Cheap clothes online jumpsuit import used clothes cheap cheap clothes for women,$0.50,https://s.alicdn.com/@sc04/kf/H5079cb2566e04f668184827e1e9393072.png_250x250xz.jpg
0-12 Months Anti scratch face baby socks baby suit mittens Set newborn socks newborn socks,$0.68,https://s.alicdn.com/@sc04/kf/Ha9f1137bb58c47768f076a8c72245342H.jpg_250x250xz.jpg
Factory Direct Commercial High Quality Garment Price Label Gun Clothes Tag Tool Price Tagging Gun Labeling Machine For Clothing,$1.55,https://s.alicdn.com/@sc04/kf/H0f959c6ae3d3400694ea9518a76497b7g.jpg_250x250xz.jpg
Different kind of autumn high quality fashion solid color thick oxford cotton long sleeve men shirts,$5.90,https://s.alicdn.com/@sc04/kf/H64d6828e101842e181bca77473d1f82b1.jpg_250x250xz.jpg
HEXIN Seamless One piece Shapewear Tummy Trimmer Butt Lifter Plus Size Body Shapers For Women,$9.78,https://s.alicdn.com/@sc04/kf/Hd8f73a38cebe4c509c18d6ac0795cf1cq.jpg_250x250xz.jpg
New Trend Men's Three-piece Jacket + Vest + Trousers Slim Suit Groom and Groomsman Wedding Dress Casual Suit Men Blazer Slim Fit,$11.33,https://s.alicdn.com/@sc04/kf/H43ac9a8c3ba64e699395f5cfc95f20beT.jpg_250x250xz.jpg
Single Breasted Men's Wear Slim Fit 3 Piece Suits Set For Men Wedding,$10.48,https://s.alicdn.com/@sc04/kf/H9e472a8bbd774963801072a92cbd5e487.jpg_250x250xz.jpg
Black knit overcoat jacket 2023  hot sale British style daily commute woolen overcoat single breasted men long coats,$9.14,https://s.alicdn.com/@sc04/kf/H48b017b4e2e74329aa557fb80823d9f1V.jpg_250x250xz.jpg
Men's CS Outdoor Uniform Set Tactical ACU Camouflage Set TC 65/35 Rib-stop Fabric training uniform,$11.50,https://s.alicdn.com/@sc04/kf/H475d06bbe40d45c09c13ef7e4087bf2dO.jpg_250x250xz.jpg
MOTIVE FORCE Islamic Modest Women Sports Gym Long Hoodie Activewear Top For Jogging Training Muslim Lady Sport wear,$7.99,https://s.alicdn.com/@sc04/kf/H65bada580d054acd9a55e02566c76552d.jpg_250x250xz.jpg
Wholesale Sweater Vest Men Autumn Winter Plus Velvet V-neck Striped Sleeveless Mens Couples Preppy Style Students Vests,$9.60,https://s.alicdn.com/@sc04/kf/H8e45eafa4adb47e0abb3ee9be66cc1586.jpg_250x250xz.jpg
Hot Sale good quality cheap modern church choir robes,$25.00,https://s.alicdn.com/@sc04/kf/HTB13H3lXxD1gK0jSZFsq6zldVXam.jpg_250x250xz.jpg
Cinta Gold Foil  Hologram Custom Printed Cartoon character grosgrain ribbon for cheer bows craft supplier Cinta,$0.19,https://s.alicdn.com/@sc04/kf/He1765033d696474ab2fa6d69adccc2afK.jpg_250x250xz.jpg
Black Friday Sale QIUCHEN QC1862 2021 HOT SALE Winter Women Luxury Fluffy Jacket Fashion Real Fox Raccoon Fur Coat,$240.00,https://s.alicdn.com/@sc04/kf/He8911968ec41477b8be3d475736b3201J.png_250x250xz.jpg
Wholesale Nursing Scrubs Factory Direct Plus Size Work Joggers Scrubs Custom Comfortable Scrubs Uniforms Sets Nurse,$8.90,https://s.alicdn.com/@sc04/kf/H8265fe8f67414409863798b419b8d8f7U.jpg_250x250xz.jpg
Apron Set Restaurant Uniforms High Quality New Custom Design Hotel Classic Shirt and Fashion Waiter/waitress Work Clothes TWILL,$15.00,https://s.alicdn.com/@sc04/kf/H13a6359526fc44e5a5a809509198bb3fS.png_250x250xz.jpg
Wholesale Custom Sublimation Youth Wrestling Singlets Boys Custom Wrestling Singlet,$12.00,https://s.alicdn.com/@sc04/kf/Hb87f234385b7410a81774bdcdbc1c011f.jpg_250x250xz.jpg
ODM Sports Casual Men's Clothing Sets Outfits Sleeveless T Shirts And Short Tracksuits Men Casual 2 Two Piece Short Set,$6.00,https://s.alicdn.com/@sc04/kf/H161b6a59bef344dfb72dc2aa89c224a6q.png_250x250xz.jpg
New style poncho shawls warm wholesale 100% cashmere poncho,$45.00,https://s.alicdn.com/@sc04/kf/H06c6622bbdae424a93ca9e28a7e94759b.jpg_250x250xz.jpg
Royal wolf denim garment factory blue ripped jeans sets fire embroidered flames men denim jacket and jeans set,$30.00,https://s.alicdn.com/@sc04/kf/HTB1O16Fpv1TBuNjy0Fjq6yjyXXal.jpg_250x250xz.jpg
OEM Cheap Sale Winter Thermal Underwear Boxer For Men men underwear Cotton Shorts Underwear For Male,$2.48,https://s.alicdn.com/@sc04/kf/Ha72e68c8848341d0aa4138fcd7a98aa2j.jpg_250x250xz.jpg
Kids Girls White Crinoline Petticoat with 3 Hoops Underskirt Slip for Flower Girl Wedding Dress 10090102 Knitted,$2.79,https://s.alicdn.com/@sc04/kf/H02278c55a185402b8bc67a9a3b1bcd38j.jpg_250x250xz.jpg
Wholesale colorful kam metal snaps button for down jacket/jeans,$0.0094,https://s.alicdn.com/@sc04/kf/Hd543610bda484ac8b218fa8d0b4e03442.jpg_250x250xz.jpg
MOTIVE FORCE Top Sale Bronzing Printing Islamic Swimsuit For Muslim Woman 3pcs Burkini Set,$14.90,https://s.alicdn.com/@sc04/kf/Hbe3f6bf5e9534f69b28e97aa95ef7087A.jpg_250x250xz.jpg
EDGE DENIM Free design custom screen printed denim pants set jean two 2 piece denim jeans sets for men,$25.00,https://s.alicdn.com/@sc04/kf/Hdd038d1f9e5a48f5bad9a92c9c34c0fbl.jpg_250x250xz.jpg
Factory directwig sew in needles Top quality  For Domestic Machine,$0.18,https://s.alicdn.com/@sc04/kf/Hc1a454b4934e446bad649b9bebc15eb7W.jpg_250x250xz.jpg
MOTIVE FORCE Boutique Clothing Women 2023 New Satin Abaya Islam Party Dresses Dubai Abaya East Women  Muslim Evening Dress,$30.28,https://s.alicdn.com/@sc04/kf/H97da252ebfb5428fb5830b03fdbc3a77C.jpg_250x250xz.jpg
Design All Star Cheer Practice Wear Training Uniforms For Adult Cheerleader,$8.91,https://s.alicdn.com/@sc04/kf/H6dcb6e515a3841c6ab52aacad5eaeec9q.jpg_250x250xz.jpg
Factory Price Custom Airline Pilot Uniform Sets Captain Costume Airline Pilot Uniform Suit,$10.00,https://s.alicdn.com/@sc04/kf/Hb8a06c8f4aec459182e4a4d425c5169ah.jpg_250x250xz.jpg
Custom printed 75mm hair bows ribbon 3 inch grosgrain ribbon fast shipping,$0.07,https://s.alicdn.com/@sc04/kf/H8f62085059554adbac7e636b356a1621Y.jpg_250x250xz.jpg
Fashion Embroidery V-neck Bubble Long Sleeve Autumn Women's Shirt,$6.50,https://s.alicdn.com/@sc04/kf/H1d7b979ab71c4497995beb2cfac402dcZ.jpg_250x250xz.jpg
Custom streetwear Terry fleece 280g 5 inch inseam 100% cotton chenille embroidery  gym sports basketball men's shorts,$6.80,https://s.alicdn.com/@sc04/kf/Hb0a619b3a8cb4dc799b4bdd932ed30b6u.jpg_250x250xz.jpg
MOTIVE FORCE 2023 Boutique Clothing Women Muslim Women Elegant Girls Luxury Fashion Slim Party Satin Muslim Evening Dress,$30.28,https://s.alicdn.com/@sc04/kf/H21cf951874de46ceb496fa4d3abd32a8N.jpg_250x250xz.jpg
High quality 100%cotton colorful kid funny girl lace socks,$1.00,https://s.alicdn.com/@sc04/kf/H3bf175b56c26480a87e5434272efcd6cz.jpg_250x250xz.jpg
Super Comfortable Sexy Transparent Ladies Pink Thong Panties Satin Underwear,$2.20,https://s.alicdn.com/@sc04/kf/Hf38a7505561b4bd6aa917499fd118f086.jpg_250x250xz.jpg
Custom Exquisite Brass Buttons With Rivets Metal Jean Buttons For Clothes,$0.02,https://s.alicdn.com/@sc04/kf/H5bcca97bd68e49e4b0010b4ea0932fecl.jpg_250x250xz.jpg
Custom high quality ski wear warm snow suit waterproof windproof snowboard suit for men and women,$43.77,https://s.alicdn.com/@sc04/kf/Ha5518ce26edc4547a5f3cc16fb2304185.jpg_250x250xz.jpg
Custom Embroidered Patches Logo French Terry Sweatshirts Blank Vintage Acid Wash Distressed Zip Up Hoodies,$10.80,https://s.alicdn.com/@sc04/kf/Hc5f84b597794471e8274caf84017c74fb.png_250x250xz.jpg
Cheap NZ Breathable Men Rugby Uniform Set Custom Sublimate Bulk Rugby Shirt Rugby Team Jersey Uniform,$6.38,https://s.alicdn.com/@sc04/kf/Hbb84e1f3def34bbc9cb1ad8ce17a80702.jpg_250x250xz.jpg
Womens Winter Anti Slip Fleece Christmas Tree Fuzzy Warm Indoor Home Socks,$1.24,https://s.alicdn.com/@sc04/kf/Heac2848837604e218be1d48680cafb35x.jpg_250x250xz.jpg
Embroidery Swiss Lace Set For Nigerian Lace Fabric 2021 New Afrian Swiss Cotton Fabrics Swiss Lace Fabric 2601,$4.44,https://s.alicdn.com/@sc04/kf/H085f650b717447cdac56243f3c17d079O.jpg_250x250xz.jpg
NANTEX High Quality Wholesale Silk Sets Print Adult Pyjamas Men's Sleepwear Soft Satin Pajamas for men,$7.59,https://s.alicdn.com/@sc04/kf/H9845bbd9767b463881b65280077d38221.jpg_250x250xz.jpg
Custom Women Beanies Pure cashmere balaclava Winter hats cute drawstring rib knitting cashmere beanies balaclava,$18.00,https://s.alicdn.com/@sc04/kf/H424e11dc4c864be7b40941dafb77e929I.png_250x250xz.jpg
Newest pink luxury design hand made wedding lace beaded 3d tulle lace fabric for couture dress HY0600-8 HuaYF,$17.50,https://s.alicdn.com/@sc04/kf/HTB13SG8RVXXXXaZXXXXq6xXFXXXR.jpg_250x250xz.jpg
New hooded knitted button cardigan thickened medium and long loose hat sweater,$9.03,https://s.alicdn.com/@sc04/kf/Hcbf00049feea46c8813661fb909d64fc5.jpg_250x250xz.jpg
H & D Latest Designs African Bazin Long Dress With Scarf For Women Clothing,$13.38,https://s.alicdn.com/@sc04/kf/H84287e15481049a484a8bfd2ffde99453.jpg_250x250xz.jpg
Factory Sale Plastic Handle Mini Sewing Tool Tailor Accessories Sewing Seam Ripper,$0.04,https://s.alicdn.com/@sc04/kf/H771f033aa7a3463187886ea19f4a7f7c7.jpg_250x250xz.jpg
Wholesale Sublimation Printing Sports Bicycle Speed Suit Cycle Jersey,$3.98,https://s.alicdn.com/@sc04/kf/H4c5aaff1f98a444bba6874f557b888d98.jpg_250x250xz.jpg
Embossed PVC Patch for Bags & Clothes Custom Soft PVC Rubber 3D Garment Labels Heat Transfer Silicone Tag Wholesale,$0.26,https://s.alicdn.com/@sc04/kf/Ha42743fc34504471b4ac720168db7ac2d.jpg_250x250xz.jpg
Latest Hot Selling Cheap White Body Shaper Underwear Vest Slim Fit Shapewear Vest For Men,$1.30,https://s.alicdn.com/@sc04/kf/H9accc9b124c04f78b015ce4efe7ca45ch.jpg_250x250xz.jpg
2020 wholesale kids ballet tulle dusty pink dance tutu dress for girls,$5.18,https://s.alicdn.com/@sc04/kf/Hb8bb1e9f6c90416b9c8c780c9fe97ed8j.jpg_250x250xz.jpg
Hot Transparent Lace Mature Bra Panty Set Dentelle Up Sel Adhesove Bra Set Lace Underwear Bra And Panty Sets For D Cup,$5.01,https://s.alicdn.com/@sc04/kf/H751596a444114d81aaf87dee2df9f766W.jpg_250x250xz.jpg
92% polyester 8% spandex yoga waist band buttery soft double brushed yiwu black solid color leggings for women,$1.50,https://s.alicdn.com/@sc04/kf/H2d0305bf7e1d40fcb77452725a150671q.jpg_250x250xz.jpg
Crystal diamond rhinestone cup chain trimming strass chain cup chain for dresses,$4.40,https://s.alicdn.com/@sc04/kf/H8d32fd395a714c19be78c510d518fe2cI.jpg_250x250xz.jpg
Fashion Winter Open Front Crochet Flower Knit Cardigan Chunky Sweater,$15.71,https://s.alicdn.com/@sc04/kf/Hfce2fe9cd9134acab41e7960ea2a5b7aQ.jpg_250x250xz.jpg
Factory Fashion Plastic Rivet for Women Shoes,$1.59,https://s.alicdn.com/@sc04/kf/HTB1GuBCaBgXBuNjt_hNq6yEiFXaQ.jpg_250x250xz.jpg
Factory non hotfix crystal Jelly Bottom Resin Rhinestones flat back rhinestone for cat pendant,$4.99,https://s.alicdn.com/@sc04/kf/H59f29af6f8e24060ae2112c5bf55f74bj.jpg_250x250xz.jpg
Wholesale 3mm-50mm Custom Printed Polyester Viscose Hat Ribbon Rayon Petersham Grosgrain Ribbon,$0.07,https://s.alicdn.com/@sc04/kf/Hecc9708df91c4a99a97af70f4e17ff26e.jpg_250x250xz.jpg
Baby Suspender Clips Plastic Solid Suspend Garter Clip Soother Holder Infant Pacifier Nipples Holder Multi Color Clamp Toy,$0.048,https://s.alicdn.com/@sc04/kf/Ha1df3dbeffad4e678ccc2dffa8c7dc6bT.png_250x250xz.jpg
7x10mm Cone Spike Stud  For Clothing Shoes Brass Punk Screw Back Cone Spike,$0.06,https://s.alicdn.com/@sc04/kf/H2cfe9dcca05b4d4dbee7ee52a8a886d6Q.jpg_250x250xz.jpg
YITE  Custom Esport Gaming Jersey New Design Men Esports Jersey Team,$3.55,https://s.alicdn.com/@sc04/kf/H0aea9406fd2a402bb140760f210ce22do.jpg_250x250xz.jpg
Professional Custom Fashion Bank Uniforms for Ladies,$3.20,https://s.alicdn.com/@sc04/kf/H0d8a88147a7941b7b3e978edcfd97129Y.jpg_250x250xz.jpg
Mens Camouflage Hunting Clothes Camo Jacket Hunting products Hunting Jacket,$13.00,https://s.alicdn.com/@sc04/kf/Hea055346781b4df59ee9ee4c7ba6a488H.jpg_250x250xz.jpg
